GROUP,PACKAGE,CLASS,INSTRUCTION_MISSED,INSTRUCTION_COVERED,BRANCH_MISSED,BRANCH_COVERED,LINE_MISSED,LINE_COVERED,COMPLEXITY_MISSED,COMPLEXITY_COVERED,METHOD_MISSED,METHOD_COVERED
JaCoCo Coverage Report,org.bouncycastle.crypto.kems.mlkem,CBD,77,66,4,4,0,0,4,3,2,1
JaCoCo Coverage Report,org.bouncycastle.crypto.kems.mlkem,MLKEMIndCpa,81,694,11,39,0,0,8,29,0,12
JaCoCo Coverage Report,org.bouncycastle.crypto.kems.mlkem,Ntt,3,1221,0,14,0,0,1,12,1,5
JaCoCo Coverage Report,org.bouncycastle.crypto.kems.mlkem,Poly,354,733,8,32,0,0,8,36,4,20
JaCoCo Coverage Report,org.bouncycastle.crypto.kems.mlkem,MLKEMEngine,25,524,2,10,0,0,4,27,2,22
JaCoCo Coverage Report,org.bouncycastle.crypto.kems.mlkem,PolyVec,491,506,14,34,0,0,8,29,0,13
JaCoCo Coverage Report,org.bouncycastle.crypto.kems.mlkem,Reduce,3,59,0,0,0,0,1,4,1,4
JaCoCo Coverage Report,org.bouncycastle.crypto.signers.mldsa,Reduce,3,41,0,0,0,0,1,3,1,3
JaCoCo Coverage Report,org.bouncycastle.crypto.signers.mldsa,PolyVec,4,379,0,40,0,0,1,40,1,20
JaCoCo Coverage Report,org.bouncycastle.crypto.signers.mldsa,MLDSAEngine,256,889,10,18,0,0,14,32,4,27
JaCoCo Coverage Report,org.bouncycastle.crypto.signers.mldsa,Packing,3,457,0,46,0,0,1,29,1,6
JaCoCo Coverage Report,org.bouncycastle.crypto.signers.mldsa,Poly,1496,2415,46,90,0,0,38,67,4,33
JaCoCo Coverage Report,org.bouncycastle.crypto.signers.mldsa,Symmetric.ShakeSymmetric,0,77,0,0,0,0,0,6,0,6
JaCoCo Coverage Report,org.bouncycastle.crypto.signers.mldsa,PolyVecMatrix,0,67,0,6,0,0,0,6,0,3
JaCoCo Coverage Report,org.bouncycastle.crypto.signers.mldsa,Rounding,59,153,15,13,0,0,10,9,1,4
JaCoCo Coverage Report,org.bouncycastle.crypto.signers.mldsa,Ntt,3,1190,0,14,0,0,1,10,1,3
JaCoCo Coverage Report,org.bouncycastle.crypto.signers.mldsa,Symmetric,0,9,0,0,0,0,0,1,0,1
JaCoCo Coverage Report,org.bouncycastle.crypto.kems,MLKEMExtractor,5,34,1,3,0,0,1,4,0,3
JaCoCo Coverage Report,org.bouncycastle.crypto.kems,MLKEMGenerator,10,42,1,1,0,0,2,3,1,3
JaCoCo Coverage Report,org.bouncycastle.crypto.signers.slhdsa,SIG_FORS,0,15,0,0,0,0,0,3,0,3
JaCoCo Coverage Report,org.bouncycastle.crypto.signers.slhdsa,HT,2,534,1,23,0,0,1,18,0,7
JaCoCo Coverage Report,org.bouncycastle.crypto.signers.slhdsa,ADRS,0,106,0,0,0,0,0,15,0,15
JaCoCo Coverage Report,org.bouncycastle.crypto.signers.slhdsa,SIG_XMSS,0,15,0,0,0,0,0,3,0,3
JaCoCo Coverage Report,org.bouncycastle.crypto.signers.slhdsa,SLHDSAEngine.Shake256Engine,451,0,4,0,0,0,12,0,10,0
JaCoCo Coverage Report,org.bouncycastle.crypto.signers.slhdsa,IndexedDigest,0,12,0,0,0,0,0,1,0,1
JaCoCo Coverage Report,org.bouncycastle.crypto.signers.slhdsa,SIG,5,153,1,9,0,0,1,8,0,4
JaCoCo Coverage Report,org.bouncycastle.crypto.signers.slhdsa,NodeEntry,0,9,0,0,0,0,0,1,0,1
JaCoCo Coverage Report,org.bouncycastle.crypto.signers.slhdsa,Fors,2,450,1,21,0,0,1,15,0,5
JaCoCo Coverage Report,org.bouncycastle.crypto.signers.slhdsa,SLHDSAEngine.Sha2Engine,92,503,3,3,0,0,5,10,2,10
JaCoCo Coverage Report,org.bouncycastle.crypto.signers.slhdsa,WotsPlus,2,479,2,20,0,0,2,15,0,6
JaCoCo Coverage Report,org.bouncycastle.crypto.signers.slhdsa,SLHDSAEngine,58,364,11,7,0,0,7,6,0,4
JaCoCo Coverage Report,org.bouncycastle.crypto.signers,HashMLDSASigner,394,0,24,0,0,0,28,0,16,0
JaCoCo Coverage Report,org.bouncycastle.crypto.signers,HashSLHDSASigner,357,0,30,0,0,0,28,0,11,0
JaCoCo Coverage Report,org.bouncycastle.crypto.signers,SLHDSASigner,93,145,6,6,0,0,7,6,2,5
JaCoCo Coverage Report,org.bouncycastle.crypto.signers,MLDSASigner,213,197,14,6,0,0,16,8,7,7
JaCoCo Coverage Report,org.bouncycastle.crypto.params,SLHDSAPrivateKeyParameters.SK,0,12,0,0,0,0,0,1,0,1
JaCoCo Coverage Report,org.bouncycastle.crypto.params,SLHDSAKeyParameters,0,10,0,0,0,0,0,2,0,2
JaCoCo Coverage Report,org.bouncycastle.crypto.params,MLKEMParameters,14,33,1,1,0,0,4,3,3,3
JaCoCo Coverage Report,org.bouncycastle.crypto.params,SLHDSAParameters.Shake256EngineProvider,19,21,0,0,0,0,2,1,2,1
JaCoCo Coverage Report,org.bouncycastle.crypto.params,SLHDSAPrivateKeyParameters,112,41,2,0,0,0,6,5,5,5
JaCoCo Coverage Report,org.bouncycastle.crypto.params,MLDSAPrivateKeyParameters,335,67,18,1,0,0,22,7,12,7
JaCoCo Coverage Report,org.bouncycastle.crypto.params,MLDSAPublicKeyParameters,10,71,2,4,0,0,2,7,0,6
JaCoCo Coverage Report,org.bouncycastle.crypto.params,MLKEMPrivateKeyParameters,276,73,18,1,0,0,25,3,15,3
JaCoCo Coverage Report,org.bouncycastle.crypto.params,MLDSAKeyGenerationParameters,0,11,0,0,0,0,0,2,0,2
JaCoCo Coverage Report,org.bouncycastle.crypto.params,MLDSAKeyParameters,0,10,0,0,0,0,0,2,0,2
JaCoCo Coverage Report,org.bouncycastle.crypto.params,SLHDSAPrivateKeyParameters.PK,0,12,0,0,0,0,0,1,0,1
JaCoCo Coverage Report,org.bouncycastle.crypto.params,SLHDSAPublicKeyParameters,0,47,0,2,0,0,0,5,0,4
JaCoCo Coverage Report,org.bouncycastle.crypto.params,SLHDSAKeyGenerationParameters,0,11,0,0,0,0,0,2,0,2
JaCoCo Coverage Report,org.bouncycastle.crypto.params,MLKEMKeyGenerationParameters,0,11,0,0,0,0,0,2,0,2
JaCoCo Coverage Report,org.bouncycastle.crypto.params,SLHDSAParameters,8,386,1,1,0,0,3,5,2,5
JaCoCo Coverage Report,org.bouncycastle.crypto.params,MLKEMKeyParameters,0,10,0,0,0,0,0,2,0,2
JaCoCo Coverage Report,org.bouncycastle.crypto.params,SLHDSAParameters.Sha2EngineProvider,0,40,0,0,0,0,0,3,0,3
JaCoCo Coverage Report,org.bouncycastle.crypto.params,MLDSAParameters,8,63,1,1,0,0,3,4,2,4
JaCoCo Coverage Report,org.bouncycastle.crypto.params,MLKEMPublicKeyParameters,23,87,3,7,0,0,5,6,2,4
